<?xml version="1.0" encoding="UTF-8"?>
<beans xmlns="http://www.springframework.org/schema/beans"
	xmlns:xsi="http://www.w3.org/2001/XMLSchema-instance"
	xsi:schemaLocation="http://www.springframework.org/schema/beans https://www.springframework.org/schema/beans/spring-beans.xsd">
	
	<!-- Root Context: defines shared resources visible to all other web components -->
	
	<bean class="org.apache.commons.dbcp.BasicDataSource" id="realDataSource" destroy-method="close">
		<property name="driverClassName" value="oracle.jdbc.driver.OracleDriver"/>
		<property name="url" value="jdbc:oracle:thin:@localhost:1521:xe"/>
		<property name="username" value="C##SPRING2"/>
		<property name="password" value="SPRING"/>
	</bean>
	
	<bean class="org.mybatis.spring.SqlSessionFactoryBean" id="sqlSessionFactory">
		<property name="configLocation" value="classpath:mybatis-config.xml"/>
		<property name="dataSource" ref="dataSource"></property>
		<property name="mapperLocations" value="classpath:mapper/**/*.xml"/>
	</bean>
	
	<bean id = "dataSource" class="net.sf.log4jdbc.Log4jdbcProxyDataSource">
		<constructor-arg ref="realDataSource"></constructor-arg>
		<property name="logFormatter">
			<bean class="net.sf.log4jdbc.tools.Log4JdbcCustomFormatter">
				<property name="loggingType" value="MULTI_LINE"/>
				<property name="sqlPrefix" value='[SQL]'/>
			</bean>
		</property>
	</bean>
	
	<bean class="org.mybatis.spring.SqlSessionTemplate" id="sqlSession">
		<constructor-arg ref="sqlSessionFactory"/>
	</bean>
	
	<bean id ="multipartResolver" class="org.springframework.web.multipart.commons.CommonsMultipartResolver">
			<property name="defaultEncoding" value="UTF-8"/>	
			<property name="maxUploadSize" value="10000000"/>
			<property name="maxInMemorySize" value="10000000"/>
	 </bean>
		
</beans>
